START TRANSACTION;
# Const tables
INSERT INTO Levels (level_id, description) VALUES
  (1, '普通'), (2, '特色'), (3, '高档');
INSERT INTO Locations (location_id, city) VALUES
  (1,'北京'),(2,'上海'),(3,'新加坡'),(4,'马来西亚'),(5,'日本'),(6,'纽约'),(7, '洛杉矶'), (8, '旧金山');
INSERT INTO Languages (language_id, code, description) VALUES
  (1, 'cn', '中文'),
  (2, 'en', '英文'),
  (3, 'jp', '日语');
INSERT INTO BillingMethods (billing_method_id, description) VALUES
  (1, 'VISA / Master / AE'),
  (2, 'Paypal'),
  (3, 'Alipay');
COMMIT;

START TRANSACTION;
# Create a guide 1
INSERT INTO Users (user_id, user_name, email, password) VALUES
  (101, 'guide1', 'guide1@a.com', SHA2('guide1pass', 256));
INSERT INTO Guides (guide_id, user_id, description, level_id, max_persons, citizenship, has_car, score) VALUES
  (101, 101, '导游一', 2, 4, 'US', true, 3.7);
SET @new_guide_id = 101;
INSERT INTO GuideReservations (guide_id, reserved_date, location_id) VALUES
  (101, 20151215, 7),
  (@new_guide_id, 20151216, 7),
  (@new_guide_id, 20151217, 8),
  (@new_guide_id, 20151218, 8);
INSERT INTO GuideLanguages (guide_id, language_id) VALUES
  (@new_guide_id, 1), (@new_guide_id, 2);
INSERT INTO GuideLocations (guide_id, location_id, price_usd, price_cny, is_effective) VALUES
  (@new_guide_id, 6, 500.0, 4000.0, true),
  (@new_guide_id, 6, 400.0, 3000.0, false),
  (@new_guide_id, 7, 400.0, 3000.0, true),
  (@new_guide_id, 8, 400.0, 3000.0, true);
INSERT INTO GuideBillingMethods (guide_id, billing_method_id) VALUES
  (@new_guide_id, 1),
  (@new_guide_id, 2);

# Create guide 2
INSERT INTO Users (user_id, user_name, email, password) VALUES
  (102, 'guide2', 'guide2@a.com', SHA2('guide2pass', 256));
INSERT INTO Guides (guide_id, user_id, description, level_id, max_persons, citizenship, has_car, score) VALUES
  (102, 102, '导游2', 3, 10, 'US', true, 4.2);
SET @new_guide_id = 102;
INSERT INTO GuideReservations (guide_id, reserved_date, location_id) VALUES
  (@new_guide_id, 20151217, 7),
  (@new_guide_id, 20151218, 7);
INSERT INTO GuideLanguages (guide_id, language_id) VALUES
  (@new_guide_id, 1), (@new_guide_id, 2);
INSERT INTO GuideLocations (guide_id, location_id, price_usd, price_cny, is_effective) VALUES
  (@new_guide_id, 6, 600.0, 4500.0, true),
  (@new_guide_id, 7, 500.0, 3600.0, true),
  (@new_guide_id, 8, 500.0, 3600.0, true);
INSERT INTO GuideBillingMethods (guide_id, billing_method_id) VALUES
  (@new_guide_id, 1),
  (@new_guide_id, 2);
COMMIT;

/*
 * Initialize city data.
 */
START TRANSACTION;

INSERT INTO GuideCities (guide_id, city_id) VALUES
  (1, 1), (1, 2), (1, 3),
  (2, 1), (2, 4), (2, 5),
  (3, 1), (3, 2), (3, 3), (3, 4), (3, 5),
  (4, 1), (4, 2),
  (5, 1), (5, 3),
  (6, 2), (6, 3),
  (7, 2), (7, 3), (7, 4);

INSERT INTO GuideReservations (guide_id, reserved_date, is_permanent) VALUES
  (1, 20151225, true),
  (3, 20151226, true), (3, 20151227, true),
  (4, 20151226, true),
  (7, 20151225, true);

COMMIT;

/*
 * 以下为production真实数据。
 */
START TRANSACTION;
INSERT INTO Cities (city_id, city_name, cn_name, suggest, min) VALUES
  (1, 'San Diego', '圣地亚哥', 2, 1),
  (2, 'Los Angels', '洛杉矶', 3, 2),
  (3, 'Las Vegas', '拉斯维加斯', 3, 2),
  (4, 'Phoenix', '菲尼克斯', 1, 1),
  (5, 'Salt Lake City', '盐湖城', 2, 1),
  (6, 'Reno', '雷诺', 2, 1),
  (7, 'Sacramento', '萨克拉门托', 1, 1),
  (8, 'San Francisco', '旧金山', 3, 1),
  (9, 'Portland', '波特兰', 1, 1),
  (10, 'Seattle', '西雅图', 2, 1),
  (11, 'Vancouvor', '温哥华', 2, 1),
  (12, 'Chicago', '芝加哥', 3, 2),
  (13, 'New York', '纽约', 4, 2),
  (14, 'Washington', '华盛顿', 2, 1),
  (15, 'Philadelphia', '费城', 2, 1),
  (16, 'Boston', '波士顿', 2, 1),
  (17, 'Miami', '迈阿密', 4, 2),
  (18, 'Atlanta', '亚特兰大', 2, 1),
  (19, 'Orlando', '奥兰多', 4, 2),
  (20, 'Houston', '休斯顿', 3, 2),
  (21, 'Denver', '丹佛', 2, 1),
  (22, 'New Orleans', '新奥尔良', 2, 1);

INSERT INTO CityAliases (city_id, alias) VALUES
  (1, 'San Diego'),
  (1, 'SD'),
  (1, 'SDYG'),
  (1, 'SHIDIYAGE'),
  (1, 'SAN'),
  (2, 'Los Angels'),
  (2, 'LA'),
  (2, 'LUOSANJI'),
  (2, 'LDJ'),
  (2, 'LAX'),
  (3, 'Las Vegas'),
  (3, 'LV'),
  (3, 'LSWJS'),
  (3, 'LaSiWeiJiaSi'),
  (4, 'Phoenix'),
  (4, 'FNKS'),
  (4, 'FeiNiKeSi'),
  (5, 'Salt Lake City'),
  (5, 'SLC'),
  (5, 'YHC'),
  (5, 'YanHuCheng'),
  (6, 'Reno'),
  (6, 'LN'),
  (6, 'LeiNuo'),
  (7, 'Sacramento'),
  (7, 'SKLMT'),
  (7, 'SaKeLaMenTuo'),
  (8, 'San Francisco'),
  (8, 'SF'),
  (8, 'JJS'),
  (8, 'JIUJINGSHAN'),
  (8, 'SFO'),
  (9, 'Portland'),
  (9, 'BTL'),
  (9, 'BoTeLan'),
  (10, 'Seattle'),
  (10, 'XYT'),
  (10, 'XIYATU'),
  (10, 'SEA'),
  (11, 'Vancouvor'),
  (11, 'WGH'),
  (11, 'WenGeHua'),
  (12, 'Chicago'),
  (12, 'ZHIJIAGE'),
  (12, 'ZHJG'),
  (12, 'ORD'),
  (13, 'New York'),
  (13, 'NY'),
  (13, 'NiuYue'),
  (14, 'Washington'),
  (14, 'HSD'),
  (14, 'HuaShengDun'),
  (14, 'DC'),
  (15, 'Philadelphia'),
  (15, 'FC'),
  (15, 'FeiCheng'),
  (16, 'Boston'),
  (16, 'BSD'),
  (16, 'BoShiDun'),
  (17, 'Miami'),
  (17, 'MAM'),
  (17, 'MaiAMi'),
  (18, 'Atlanta'),
  (18, 'YTLD'),
  (18, 'YaTeLanDa'),
  (19, 'Orlando'),
  (19, 'ALD'),
  (19, 'AoLanDuo'),
  (20, 'Houston'),
  (20, 'XSD'),
  (20, 'XiuSiDun'),
  (21, 'Denver'),
  (21, 'DF'),
  (21, 'DanFo'),
  (22, 'New Orleans'),
  (22, 'NO'),
  (22, 'XAEL'),
  (22, 'XinAoErLiang');

INSERT INTO Users (user_id, user_name) VALUES
  (200, '董琪'),
  (201, '郝峰'),
  (202, 'tony'),
  (203, 'david lu'),
  (204, 'Eric'),
  (205, '沈哲浩'),
  (206, '杨光'),
  (207, 'David pan'),
  (208, 'danver 赵'),
  (209, 'Danny'),
  (210, '杜新'),
  (211, '杨飞'),
  (212, '小吴'),
  (213, 'mark'),
  (214, '李龙祥Max'),
  (215, '小萱'),
  (216, '贺雷'),
  (217, 'Helen'),
  (218, '董毛磊'),
  (219, '范伟'),
  (220, '牛健'),
  (221, 'Jason南'),
  (222, '钟毅'),
  (223, 'tony张'),
  (224, '四海接送'),
  (225, 'tony'),
  (226, '陈导'),
  (227, '刘小姐'),
  (228, 'frank'),
  (229, '杨导'),
  (230, '张导'),
  (231, '侯导'),
  (232, '林导'),
  (233, '文森'),
  (234, '陈斌'),
  (235, '王导'),
  (236, '王悦'),
  (237, '鲁杰'),
  (238, '凯文'),
  (239, 'zoey'),
  (240, '柏导'),
  (241, '许导'),
  (242, '宋导'),
  (243, '吴师傅'),
  (244, 'Jason张'),
  (245, '陈导'),
  (246, 'frank 宋'),
  (247, '王导'),
  (248, '李毅'),
  (249, '金导');

INSERT INTO Guides (guide_id, user_id, description, max_persons, has_car, score, interests, phone) VALUES
  (200, 200, '旧金山导游', 7, False, 9.00, '浪漫|商务|家庭', 4155280389),
  (201, 201, '旧金山导游', 15, False, 9.00, '家庭|商务', 5108574829),
  (202, 202, '旧金山导游', 7, False, 7.00, '浪漫|家庭', 8163388888),
  (203, 203, '旧金山导游', 5, False, 7.00, '高尔夫|家庭|浪漫', 6264562143),
  (204, 204, '旧金山导游', 7, False, 8.00, '高端礼宾车', 5105857097),
  (205, 205, '旧金山导游', 7, False, 6.00, '摄影|拍照', 5105857097),
  (206, 206, '旧金山导游', 7, False, 6.00, '浪漫|家庭', 4086561788),
  (207, 207, '旧金山导游', 60, False, 8.00, '历史|商务|家庭', 4154898122),
  (208, 208, '旧金山导游', 60, False, 8.00, '商务|家庭', 4155833252),
  (209, 209, '旧金山导游', 7, False, 7.00, '家庭|浪漫', 4156303880),
  (210, 210, '洛杉矶导游', 15, False, 9.00, '浪漫|家庭|商务', 6269057979),
  (211, 211, '洛杉矶导游', 7, False, 8.00, '浪漫|家庭|商务', 6264174274),
  (212, 212, '洛杉矶导游', 7, False, 8.00, '浪漫|家庭', 6267828475),
  (213, 213, '洛杉矶导游', 15, False, 8.00, '商务|家庭|浪漫', 6262025526),
  (214, 214, '洛杉矶导游', 7, False, 9.00, '商务|家庭|浪漫', 6268185575),
  (215, 215, '洛杉矶导游', 7, False, 8.00, '商务|家庭', 6265596581),
  (216, 216, '洛杉矶导游', 7, False, 8.00, '商务|家庭', 6263805826),
  (217, 217, '洛杉矶导游', 7, False, 8.00, '浪漫|家庭', 6262838629),
  (218, 218, '拉斯维加斯导游', 7, False, 8.00, '浪漫|家庭|商务', 6264105769),
  (219, 219, '拉斯维加斯导游', 15, False, 9.00, '浪漫|家庭|商务', 7025757377),
  (220, 220, '休斯顿导游', 15, False, 9.00, '浪漫|家庭|商务', 7133020568),
  (221, 221, '盐湖城黄石导游', 15, False, 9.00, '浪漫|家庭|商务', 9173618884),
  (222, 222, '盐湖城黄石导游', 60, False, 9.00, '浪漫|家庭|商务', 5105419756),
  (223, 223, '盐湖城黄石导游', 60, False, 9.00, '浪漫|家庭|商务', 8018194885),
  (224, 224, '芝加哥导游', 7, False, 8.00, '浪漫|家庭|商务', 3128238688),
  (225, 225, '芝加哥导游', 7, False, 8.00, '浪漫|家庭|商务', 3124830858),
  (226, 226, '芝加哥导游', 7, False, 8.00, '浪漫|家庭|商务', 3125327923),
  (227, 227, '芝加哥导游', 7, False, 8.00, '浪漫|家庭|商务', 3128434257),
  (228, 228, '芝加哥导游', 7, False, 8.00, '浪漫|家庭|商务', 6265921201),
  (229, 229, '纽约导游', 7, False, 8.00, '浪漫|家庭|商务', 7182197299),
  (230, 230, '纽约导游', 7, False, 8.00, '浪漫|家庭|商务', 7186691534),
  (231, 231, '纽约导游', 7, False, 8.00, '浪漫|家庭|商务', 3478595988),
  (232, 232, '纽约导游', 7, False, 8.00, '浪漫|家庭|商务', 3476662445),
  (233, 233, '纽约导游', 7, False, 8.00, '浪漫|家庭|商务', 9176670098),
  (234, 234, '纽约导游', 7, False, 8.00, '浪漫|家庭|商务', 2067345096),
  (235, 235, '华盛顿导游', 7, False, 8.00, '浪漫|家庭|商务', 7038906113),
  (236, 236, '华盛顿导游', 7, False, 8.00, '浪漫|家庭|商务', 6145961652),
  (237, 237, '华盛顿导游', 7, False, 8.00, '浪漫|家庭|商务', 3017301777),
  (238, 238, '华盛顿导游', 7, False, 8.00, '浪漫|家庭|商务', 2129616201),
  (239, 239, '休斯顿导游', 7, False, 8.00, '浪漫|家庭|商务', 4694261315),
  (240, 240, '休斯顿导游', 7, False, 8.00, '浪漫|家庭|商务', 2819196750),
  (241, 241, '休斯顿导游', 7, False, 8.00, '浪漫|家庭|商务', 8324758284),
  (242, 242, '休斯顿导游', 7, False, 8.00, '浪漫|家庭|商务', 8326134629),
  (243, 243, '休斯顿导游', 7, False, 8.00, '浪漫|家庭|商务', 3467048735),
  (244, 244, '西雅图导游', 7, False, 8.00, '浪漫|家庭|商务', 2062298077),
  (245, 245, '西雅图导游', 7, False, 8.00, '浪漫|家庭|商务', 2064682169),
  (246, 246, '西雅图导游', 7, False, 8.00, '浪漫|家庭|商务', 4252838189),
  (247, 247, '西雅图导游', 7, False, 8.00, '浪漫|家庭|商务', 2069796993),
  (248, 248, '西雅图导游', 7, False, 8.00, '浪漫|家庭|商务', 2064277218),
  (249, 249, '西雅图导游', 7, False, 8.00, '浪漫|家庭|商务', 2069540949);

INSERT INTO GuideCities (guide_id, city_id) VALUES
 (200, 2),
 (200, 8),
 (200, 1),
 (201, 2),
 (201, 8),
 (201, 1),
 (202, 2),
 (202, 8),
 (202, 1),
 (203, 8),
 (204, 8),
 (205, 8),
 (206, 8),
 (207, 8),
 (208, 8),
 (209, 8),
 (210, 2),
 (211, 2),
 (212, 2),
 (213, 2),
 (214, 2),
 (215, 2),
 (216, 2),
 (217, 2),
 (218, 3),
 (219, 3),
 (220, 20),
 (221, 5),
 (222, 5),
 (223, 5),
 (224, 12),
 (225, 12),
 (226, 12),
 (227, 12),
 (228, 12),
 (229, 13),
 (230, 13),
 (231, 13),
 (232, 13),
 (233, 13),
 (234, 13),
 (235, 14),
 (236, 14),
 (237, 14),
 (238, 14),
 (239, 20),
 (240, 20),
 (241, 20),
 (242, 20),
 (243, 20),
 (244, 10),
 (245, 10),
 (246, 10),
 (247, 10),
 (248, 10),
 (249, 10);

INSERT INTO Spots (spot_id, city_id, name, description, hours, score, interests) VALUES
  (1, 8, '金门大桥', '', 2.00, 10.00, '浪漫|家庭|商务'),
  (2, 8, '金门公园', '', 2.00, 8.00, '浪漫|家庭|商务'),
  (3, 8, '九曲花街', '', 0.50, 8.00, '浪漫|家庭|商务'),
  (4, 8, '艺术宫', '', 1.00, 10.00, '浪漫|家庭|商务'),
  (5, 8, '渔人码头', '', 2.00, 10.00, '浪漫|家庭|商务'),
  (6, 8, '双子峰', '', 1.00, 8.00, '浪漫|家庭|商务'),
  (7, 8, '市政厅', '', 0.50, 8.00, '商务|家庭'),
  (8, 8, '联合广场', '', 2.00, 8.00, '浪漫|家庭'),
  (9, 8, '亚洲艺术博物馆', '', 1.00, 8.00, '家庭|商务'),
  (10, 8, '中国城', '', 1.00, 8.00, '家庭|商务'),
  (11, 8, '金银岛', '', 0.50, 10.00, '浪漫|家庭|商务'),
  (12, 8, '恶魔岛', '', 2.00, 8.00, '家庭|商务'),
  (13, 8, '卡斯特罗街', '', 0.50, 8.00, '家庭|商务'),
  (14, 1, '中途岛航母博物馆', '', 2.00, 9.00, '家庭|商务'),
  (15, 1, '圣地亚哥动物园', '', 1.00, 9.00, '家庭|商务|浪漫'),
  (16, 1, '巴波亚公园', '', 1.00, 9.00, '家庭|浪漫'),
  (17, 1, '托里派因斯州立公园', '', 2.00, 9.00, '家庭|浪漫'),
  (18, 1, 'La Jolla Cove (拉荷亚)', '', 1.00, 9.00, '家庭|浪漫'),
  (19, 1, '乘船游览', '', 3.00, 9.00, '家庭|商务|浪漫'),
  (20, 1, '卡布里欧国家纪念碑', '', 2.00, 9.00, '家庭|浪漫'),
  (21, 1, '圣地亚哥日落悬崖自然公园', '', 1.00, 9.00, '家庭|浪漫'),
  (22, 1, '圣地亚哥海洋世界', '', 3.00, 9.00, '家庭|浪漫'),
  (23, 2, '盖蒂中心', '', 3.00, 10.00, '家庭|浪漫'),
  (24, 2, '格里菲斯天文台', '', 2.00, 9.00, '家庭|浪漫'),
  (25, 2, '好莱坞环球影城', '', 4.00, 9.00, '家庭|浪漫|商务'),
  (26, 2, '加利福尼亚科技中心', '', 5.00, 9.00, '家庭|浪漫'),
  (27, 2, '格里菲斯公园', '', 2.00, 9.00, '家庭|浪漫'),
  (28, 2, 'Nethercutt Museum', '', 3.00, 10.00, '家庭|浪漫'),
  (29, 2, '洛杉矶郡立美术馆', '', 3.00, 8.00, '家庭|商务|浪漫'),
  (30, 2, '圣莫尼卡湾', '', 3.00, 9.00, '家庭|商务|浪漫'),
  (31, 2, '好莱坞杜莎夫人蜡像馆', '', 2.00, 9.00, '家庭|商务|浪漫'),
  (32, 2, '鲁尼恩峡谷公园', '', 3.00, 9.00, '家庭|浪漫'),
  (33, 2, '西林纪念公园', '', 2.00, 9.00, '家庭|浪漫'),
  (34, 2, '安嫩伯格空间摄影画廊', '', 2.00, 9.00, '家庭|浪漫'),
  (35, 2, '史格博文化中心', '', 3.00, 9.00, '家庭|浪漫'),
  (36, 2, '好莱坞露天剧场', '', 3.00, 9.00, '家庭|浪漫'),
  (37, 2, '格莱美博物馆', '', 3.00, 9.00, '家庭|浪漫'),
  (38, 2, '威尼斯海滩', '', 2.00, 9.00, '家庭|浪漫'),
  (39, 2, '好莱坞标志', '', 0.50, 8.00, '家庭|浪漫|商务'),
  (40, 2, '加州大学洛杉矶分校', '', 2.00, 9.00, '家庭|浪漫|商务'),
  (41, 2, '西特德尔奥特莱斯', '', 3.00, 8.00, '家庭|浪漫|商务'),
  (54, 13, '中央公园', '', 2.00, 10.00, '家庭|浪漫'),
  (55, 13, '大都会艺术博物馆', '', 3.00, 10.00, '家庭|浪漫'),
  (56, 13, '峭石之巅观景台', '', 1.00, 8.00, '家庭|浪漫'),
  (57, 13, '9/11纪念馆', '', 1.00, 8.00, '家庭|浪漫'),
  (58, 13, '曼哈顿天际线', '', 1.00, 8.00, '家庭|浪漫'),
  (59, 13, '百老汇', '', 1.00, 8.00, '家庭|浪漫'),
  (60, 13, '大中央车站', '', 0.50, 8.00, '家庭|浪漫'),
  (61, 13, '帝国大厦', '', 1.00, 9.00, '家庭|浪漫'),
  (62, 13, '自由女神像', '', 1.00, 9.00, '家庭|浪漫'),
  (63, 13, '新世贸大楼', '', 1.00, 9.00, '家庭|浪漫'),
  (64, 13, '时代广场', '', 2.00, 9.00, '家庭|浪漫'),
  (65, 13, '第五大道', '', 2.00, 9.00, '家庭|浪漫'),
  (66, 13, '联合国总部', '', 2.00, 9.00, '家庭|商务'),
  (67, 14, '林肯纪念堂', '', 1.00, 9.00, '家庭|商务|浪漫'),
  (68, 14, '杰佛逊纪念堂', '', 1.00, 9.00, '家庭|商务|浪漫'),
  (69, 14, '华盛顿纪念碑', '', 1.00, 9.00, '家庭|商务|浪漫'),
  (70, 14, '美国国会山', '', 1.00, 10.00, '家庭|商务|浪漫'),
  (71, 14, '白宫', '', 1.00, 10.00, '家庭|商务|浪漫'),
  (72, 14, '国家航天博物馆', '', 2.00, 8.00, '家庭|商务|浪漫'),
  (73, 14, '国家艺廊', '', 1.00, 8.00, '家庭|商务|浪漫'),
  (74, 15, '独立厅', '', 1.00, 10.00, '家庭|商务|浪漫'),
  (75, 15, '国家独立历史公园', '', 1.00, 9.00, '家庭|商务|浪漫'),
  (76, 15, '宾夕法尼亚州立大学', '', 1.00, 9.00, '家庭|商务|浪漫'),
  (77, 15, '自由钟中心', '', 1.00, 9.00, '家庭|商务|浪漫'),
  (78, 15, '沃顿商学院', '', 1.00, 9.00, '家庭|商务|浪漫'),
  (79, 15, '马车观光', '', 1.00, 9.00, '家庭|商务|浪漫'),
  (80, 16, '美术博物馆', '', 1.00, 9.00, '家庭|商务|浪漫'),
  (81, 16, '自由之路', '', 1.00, 9.00, '家庭|商务|浪漫'),
  (82, 16, '宪法号博物馆', '', 1.00, 9.00, '家庭|商务|浪漫'),
  (83, 16, '马萨诸塞州议会大厦', '', 1.00, 9.00, '家庭|商务|浪漫'),
  (84, 16, '哈佛大学', '', 2.00, 9.00, '家庭|商务|浪漫'),
  (85, 16, '麻省理工', '', 1.00, 9.00, '家庭|商务|浪漫'),
  (86, 16, '昆西市场', '', 2.00, 9.00, '家庭|商务|浪漫'),
  (87, 18, '乔治亚水族馆', '', 2.00, 9.00, '家庭|商务|浪漫'),
  (88, 18, '小马丁路德金国家历史遗迹', '', 1.00, 9.00, '家庭|商务|浪漫'),
  (89, 18, '亚特兰大历史中心', '', 1.00, 9.00, '家庭|商务|浪漫'),
  (90, 18, '可口可乐新世界', '', 2.00, 10.00, '家庭|商务|浪漫'),
  (91, 18, '百年奥林匹克公园', '', 1.00, 10.00, '家庭|商务|浪漫'),
  (92, 18, '弗恩班克自然史博物馆', '', 2.00, 9.00, '家庭|商务|浪漫'),
  (93, 18, 'CNN总部', '', 1.00, 10.00, '家庭|商务|浪漫'),
  (94, 20, '休斯顿自然科学博物馆', 'The Houston Museum of Natural Science', 3.00, 10.00, '家庭'),
  (95, 20, '休斯顿艺术博物馆', 'Museum of Fine arts', 2.00, 10.00, '家庭'),
  (96, 20, '休斯顿儿童博物馆', 'Childen"s Musem of Houston', 3.00, 10.00, '亲子'),
  (97, 20, '休斯顿动物园', 'Houston Zoo', 3.00, 8.00, '亲子'),
  (98, 20, 'Cockrell蝴蝶中心', 'Cockrell Butterfly Center', 2.00, 8.00, '自然'),
  (99, 20, '休斯顿航天中心', 'Space Center Houston', 5.00, 10.00, '家庭|亲子'),
  (100, 20, '丰田中心', 'Toyota Center', 1.00, 9.00, '家庭'),
  (101, 20, '水墙公园', 'Waterwall Park', 1.00, 8.00, '家庭|亲子'),
  (102, 20, '莱斯大学', 'Rice University', 2.00, 8.00, '家庭|亲子'),
  (103, 20, '赫曼公园', 'Hermann Park', 1.00, 8.00, '家庭|亲子'),
  (104, 21, '落基山公园', 'Rocky Mountain National Park', 8.00, 10.00, '自然'),
  (105, 21, '红石公园', 'Red Rocks Park', 2.00, 9.00, '自然'),
  (106, 21, '丹佛艺术博物馆', 'Denver Art Museum', 2.00, 8.00, '家庭|亲子'),
  (107, 21, '科罗拉多州议会大厦', 'Colorado State Capital', 1.00, 8.00, '家庭|亲子'),
  (108, 21, '丹佛大学', 'University of Denver', 2.00, 8.00, '家庭|亲子'),
  (109, 21, '众神花园', 'Garden of Gods', 3.00, 8.00, ''),
  (110, 21, '丹佛自然科学博物馆', 'Denver Museum of Nature & Science', 2.00, 8.00, ''),
  (111, 21, '科罗拉多历史中心', 'History Colorado Center', 2.00, 8.00, ''),
  (112, 21, '丹佛动物园', 'Denver Zoo', 2.00, 8.00, ''),
  (113, 21, '科罗拉多会议中心', 'Colorado Convention Center', 1.00, 8.00, ''),
  (114, 22, '法国区', 'French Quarter', 2.00, 10.00, '家庭|亲子'),
  (115, 22, '杰克逊广场', 'Jackson Square', 0.50, 8.00, ''),
  (116, 22, '花园区', 'Garden District', 2.00, 9.00, ''),
  (117, 22, '波本街', 'Bourbon Street', 2.00, 9.00, ''),
  (118, 22, '橡树庄园', 'Oak Alley Plantation', 3.00, 8.00, ''),
  (119, 22, '皇家街', 'Royal Street', 1.00, 7.00, ''),
  (120, 22, '二战博物纪念馆', 'World War 2 Museum', 2.00, 8.00, ''),
  (121, 22, '新奥尔良艺术博物馆', 'New OrleansMuseum of Art', 2.00, 7.00, ''),
  (122, 22, '奥杜邦动物园', 'Audubon Zoo', 3.00, 7.00, ''),
  (123, 22, '奥格登南方艺术博物馆', 'Ogden Museum of Southern Art', 1.00, 7.00, ''),
  (124, 9, '马特诺玛瀑布', 'Multnomah Falls', 2.00, 7.00, ''),
  (125, 9, '国际玫瑰试验园', 'International Rose Test Garden', 1.00, 8.00, ''),
  (126, 9, '兰苏园', 'Lan Su Chinese Garden', 2.00, 7.00, ''),
  (127, 9, '哥伦比亚河谷', 'Columbia River Gorge National Scenic Area', 4.00, 7.00, ''),
  (128, 9, '波特兰日本花园', 'Portland Japanese Garden', 2.00, 7.00, ''),
  (129, 9, '先锋法院', 'Pioneer Courthous', 2.00, 6.00, ''),
  (130, 10, '胡利花园及玻璃艺术馆', '神奇的玻璃工艺品征服了我们', 2.00, 10.00, '家庭|亲子|艺术'),
  (131, 10, '派克市场 Pike Place Market', '', 2.00, 9.00, '家庭|亲子|美食|生活'),
  (132, 10, '第一家星巴克店 Original Starbucks', '', 1.00, 8.00, '美食|生活'),
  (133, 10, '飞行博物馆', '', 3.00, 9.00, '家庭|亲子|军事'),
  (134, 10, '华盛顿州立渡轮', '', 2.00, 9.00, '家庭|亲子'),
  (135, 10, '西雅图塞菲科球场', '', 2.00, 9.00, '家庭|亲子'),
  (136, 10, '克里公园', '', 1.00, 9.00, '家庭|亲子|浪漫'),
  (137, 10, 'Sky View Observatory', '', 2.00, 9.00, '家庭|亲子|浪漫'),
  (138, 10, '水闸门', '', 2.00, 9.00, '家庭|亲子|浪漫'),
  (139, 10, '太空针塔', '', 2.00, 9.00, '家庭|亲子'),
  (140, 10, '西雅图公共图书馆', '', 2.00, 9.00, '家庭|亲子'),
  (141, 10, 'Seattle Light Rail Service', '', 2.00, 9.00, '家庭|亲子'),
  (142, 10, '华盛顿大学', '', 3.00, 9.00, '家庭|亲子|浪漫'),
  (143, 10, '翠湖', '', 2.00, 9.00, '家庭|亲子|浪漫'),
  (144, 10, '音乐体验计划博物馆', '', 2.00, 8.00, '家庭|亲子|浪漫'),
  (145, 10, 'Discovery Park 愉景新城', '', 3.00, 9.00, '家庭|亲子'),
  (146, 10, 'Beneath the Streets', '', 2.00, 9.00, '家庭|亲子|浪漫'),
  (147, 10, '华盛顿植物园', '', 3.00, 9.00, '家庭|亲子'),
  (148, 10, '世纪互联体育场', '', 2.00, 9.00, '家庭|亲子'),
  (149, 10, '西雅图中心', '', 3.00, 9.00, '家庭|亲子|浪漫'),
  (150, 10, 'Museum of History & Industry', '', 3.00, 9.00, '家庭|亲子'),
  (151, 10, '森林公园', '', 2.00, 9.00, '家庭|亲子|浪漫'),
  (152, 12, '芝加哥艺术学院', '', 3.00, 10.00, '家庭|亲子|艺术'),
  (153, 12, '千禧公园', '', 2.00, 9.00, '家庭|亲子'),
  (154, 12, '云门', '', 2.00, 9.00, '家庭|亲子|浪漫'),
  (155, 12, '科学及工业博物馆', '', 3.00, 9.00, '家庭|亲子|浪漫'),
  (156, 12, '密歇根大道', '', 2.00, 9.00, '家庭|浪漫'),
  (157, 12, '约翰‧汉考克中心/观景台', '', 2.00, 9.00, '家庭|亲子|浪漫'),
  (158, 12, '菲尔德自然史博物馆', '', 3.00, 9.00, '家庭|亲子'),
  (159, 12, '芝加哥文化中心', '', 3.00, 9.00, '家庭|亲子'),
  (160, 12, '交响乐中心-芝加哥交响乐团', '', 2.00, 10.00, '家庭|亲子'),
  (161, 12, '白金汉喷泉', '', 2.00, 9.00, '家庭|亲子|浪漫');

INSERT INTO Interests (interest_id, interest_name) VALUES
  (1, '亲子'),
  (2, '军事'),
  (3, '历史'),
  (4, '商务'),
  (5, '家庭'),
  (6, '拍照'),
  (7, '摄影'),
  (8, '浪漫'),
  (9, '生活'),
  (10, '美食'),
  (11, '自然'),
  (12, '艺术'),
  (13, '高尔夫'),
  (14, '高端礼宾车');

COMMIT;
